"행정구역","2022년_남_총인구수","2022년_남_연령구간인구수","2022년_남_0세","2022년_남_1세","2022년_남_2세","2022년_남_3세","2022년_남_4세","2022년_남_5세","2022년_남_6세","2022년_남_7세","2022년_남_8세","2022년_남_9세","2022년_남_10세","2022년_남_11세","2022년_남_12세","2022년_남_13세","2022년_남_14세","2022년_남_15세","2022년_남_16세","2022년_남_17세","2022년_남_18세","2022년_남_19세","2022년_남_20세","2022년_남_21세","2022년_남_22세","2022년_남_23세","2022년_남_24세","2022년_남_25세","2022년_남_26세","2022년_남_27세","2022년_남_28세","2022년_남_29세","2022년_남_30세","2022년_남_31세","2022년_남_32세","2022년_남_33세","2022년_남_34세","2022년_남_35세","2022년_남_36세","2022년_남_37세","2022년_남_38세","2022년_남_39세","2022년_남_40세","2022년_남_41세","2022년_남_42세","2022년_남_43세","2022년_남_44세","2022년_남_45세","2022년_남_46세","2022년_남_47세","2022년_남_48세","2022년_남_49세","2022년_남_50세","2022년_남_51세","2022년_남_52세","2022년_남_53세","2022년_남_54세","2022년_남_55세","2022년_남_56세","2022년_남_57세","2022년_남_58세","2022년_남_59세","2022년_남_60세","2022년_남_61세","2022년_남_62세","2022년_남_63세","2022년_남_64세","2022년_남_65세","2022년_남_66세","2022년_남_67세","2022년_남_68세","2022년_남_69세","2022년_남_70세","2022년_남_71세","2022년_남_72세","2022년_남_73세","2022년_남_74세","2022년_남_75세","2022년_남_76세","2022년_남_77세","2022년_남_78세","2022년_남_79세","2022년_남_80세","2022년_남_81세","2022년_남_82세","2022년_남_83세","2022년_남_84세","2022년_남_85세","2022년_남_86세","2022년_남_87세","2022년_남_88세","2022년_남_89세","2022년_남_90세","2022년_남_91세","2022년_남_92세","2022년_남_93세","2022년_남_94세","2022년_남_95세","2022년_남_96세","2022년_남_97세","2022년_남_98세","2022년_남_99세","2022년_남_100세 이상","2022년_여_총인구수","2022년_여_연령구간인구수","2022년_여_0세","2022년_여_1세","2022년_여_2세","2022년_여_3세","2022년_여_4세","2022년_여_5세","2022년_여_6세","2022년_여_7세","2022년_여_8세","2022년_여_9세","2022년_여_10세","2022년_여_11세","2022년_여_12세","2022년_여_13세","2022년_여_14세","2022년_여_15세","2022년_여_16세","2022년_여_17세","2022년_여_18세","2022년_여_19세","2022년_여_20세","2022년_여_21세","2022년_여_22세","2022년_여_23세","2022년_여_24세","2022년_여_25세","2022년_여_26세","2022년_여_27세","2022년_여_28세","2022년_여_29세","2022년_여_30세","2022년_여_31세","2022년_여_32세","2022년_여_33세","2022년_여_34세","2022년_여_35세","2022년_여_36세","2022년_여_37세","2022년_여_38세","2022년_여_39세","2022년_여_40세","2022년_여_41세","2022년_여_42세","2022년_여_43세","2022년_여_44세","2022년_여_45세","2022년_여_46세","2022년_여_47세","2022년_여_48세","2022년_여_49세","2022년_여_50세","2022년_여_51세","2022년_여_52세","2022년_여_53세","2022년_여_54세","2022년_여_55세","2022년_여_56세","2022년_여_57세","2022년_여_58세","2022년_여_59세","2022년_여_60세","2022년_여_61세","2022년_여_62세","2022년_여_63세","2022년_여_64세","2022년_여_65세","2022년_여_66세","2022년_여_67세","2022년_여_68세","2022년_여_69세","2022년_여_70세","2022년_여_71세","2022년_여_72세","2022년_여_73세","2022년_여_74세","2022년_여_75세","2022년_여_76세","2022년_여_77세","2022년_여_78세","2022년_여_79세","2022년_여_80세","2022년_여_81세","2022년_여_82세","2022년_여_83세","2022년_여_84세","2022년_여_85세","2022년_여_86세","2022년_여_87세","2022년_여_88세","2022년_여_89세","2022년_여_90세","2022년_여_91세","2022년_여_92세","2022년_여_93세","2022년_여_94세","2022년_여_95세","2022년_여_96세","2022년_여_97세","2022년_여_98세","2022년_여_99세","2022년_여_100세 이상"
"전국  (0000000000)","25,636,951","25,636,951","124,860","135,737","141,983","158,148","170,826","187,428","211,336","227,921","225,874","226,266","251,465","244,489","244,254","230,789","241,184","254,764","232,185","225,258","244,473","254,738","256,777","289,481","332,182","321,529","332,403","345,703","357,880","372,204","377,691","375,739","380,401","366,123","338,343","327,017","325,694","315,068","324,338","334,034","337,552","380,294","416,580","426,765","424,026","414,787","370,224","388,474","386,641","394,626","433,404","443,471","452,417","474,186","459,648","457,900","456,042","417,246","416,131","416,402","410,942","392,407","434,327","439,721","439,838","404,951","372,165","366,439","326,187","329,365","283,917","238,709","261,601","187,826","197,606","196,408","192,484","187,551","147,535","125,955","127,404","122,185","143,288","110,904","90,681","86,889","72,066","60,550","50,456","42,392","32,974","24,047","18,780","12,766","9,357","7,680","5,111","3,517","2,003","1,354","1,053","898","1,261","25,802,087","25,802,087","119,390","129,051","135,546","149,827","162,222","176,770","201,826","216,922","215,170","215,539","238,682","232,084","229,670","217,580","227,755","241,047","217,288","210,324","228,149","237,018","236,142","267,771","304,647","296,024","304,885","322,820","324,631","333,089","333,398","332,185","342,582","334,391","300,933","302,717","299,056","301,505","301,959","316,668","322,064","364,772","401,703","409,002","408,207","407,847","347,108","385,083","369,811","388,509","416,146","440,703","431,965","456,725","445,884","452,199","455,106","429,377","384,124","417,562","404,209","381,592","424,192","448,770","455,437","419,450","379,186","376,282","341,922","360,050","299,692","262,939","289,171","210,432","223,872","225,992","222,864","226,356","177,835","159,398","171,641","171,601","206,983","168,690","146,866","147,494","129,488","115,958","104,221","94,568","79,110","62,968","53,862","40,530","33,678","26,861","20,681","15,231","9,401","6,779","4,349","3,854","6,472"
"서울특별시  (1100000000)","4,570,048","4,570,048","20,889","22,598","22,682","25,100","26,256","28,126","31,875","34,153","33,961","34,377","38,110","36,770","37,636","35,599","38,047","40,542","37,410","36,274","40,172","43,089","43,008","48,209","58,894","58,925","63,617","69,486","74,818","80,094","83,700","83,488","84,426","81,228","74,409","70,408","69,412","65,080","65,411","65,880","65,006","71,415","75,085","76,652","75,042","72,817","63,751","67,051","67,463","68,036","75,016","76,114","79,101","83,211","79,849","78,502","75,813","69,109","67,394","68,306","68,371","65,527","70,636","70,110","71,539","67,595","62,961","62,446","56,025","58,313","50,234","43,585","47,338","32,837","36,306","35,957","35,357","35,399","28,257","24,598","24,388","23,169","27,069","20,913","16,686","15,547","12,799","10,589","8,556","7,309","5,383","4,086","3,170","2,125","1,636","1,422","962","677","368","252","199","186","274","4,858,324","4,858,324","19,853","21,352","21,495","23,020","24,374","26,962","30,501","32,807","32,493","32,443","36,140","34,923","35,503","33,882","35,892","38,290","35,208","34,222","38,271","43,138","45,930","53,464","64,789","67,660","73,878","80,848","83,366","85,382","85,561","84,366","85,287","81,998","72,290","70,489","68,750","66,484","65,089","66,253","65,207","71,286","75,986","76,117","75,938","76,203","63,314","71,031","68,262","70,636","75,302","79,890","80,021","84,030","81,767","80,485","79,049","75,398","65,080","72,505","71,597","67,687","73,158","76,987","80,359","74,877","69,709","69,658","63,947","68,339","56,855","50,454","54,691","38,064","42,468","43,129","42,334","43,599","35,042","30,387","30,594","29,582","34,232","27,285","23,234","22,474","19,322","17,195","15,054","13,560","11,046","8,870","7,500","5,685","4,875","4,037","3,124","2,366","1,490","980","722","578","1,018"
"부산광역시  (2600000000)","1,619,915","1,619,915","7,066","7,673","8,022","8,903","9,993","11,137","12,521","13,712","13,568","13,258","14,734","14,021","13,934","12,833","13,401","14,086","12,693","12,537","13,657","14,840","14,698","17,152","20,561","20,338","20,862","21,190","22,207","22,115","22,415","22,473","22,696","21,963","20,027","19,715","19,198","18,293","19,116","19,508","20,173","22,866","25,271","26,735","26,738","25,892","22,919","23,388","22,641","23,811","25,721","26,541","27,257","27,974","27,759","27,611","27,753","25,800","25,666","25,159","25,218","25,266","28,642","29,347","30,278","28,031","26,727","27,146","24,739","25,480","22,688","18,816","20,473","16,146","15,931","15,686","15,465","14,455","11,502","9,567","10,304","9,907","10,444","8,155","6,795","6,125","4,893","4,030","3,297","2,571","1,989","1,436","1,049","785","510","458","289","171","103","60","45","32","73","1,697,897","1,697,897","6,726","7,189","7,558","8,592","9,550","10,541","12,100","12,942","12,716","12,610","13,843","13,598","13,138","12,015","12,695","13,369","12,001","11,759","12,962","13,818","14,227","16,782","19,411","18,984","19,404","20,352","20,474","20,514","20,747","20,492","21,162","20,480","18,003","18,711","18,150","18,118","17,698","18,694","19,428","22,428","24,559","25,872","25,983","25,746","21,360","23,205","21,997","23,847","25,451","27,065","26,945","28,631","28,364","28,966","29,485","28,984","25,293","27,916","26,943","26,732","30,785","33,424","34,186","31,810","29,570","29,999","27,688","30,409","23,832","22,262","23,690","19,024","18,533","19,166","18,675","18,060","13,847","11,854","13,362","13,071","14,634","12,170","10,661","10,166","8,464","7,440","6,518","5,850","4,836","3,674","3,190","2,419","1,793","1,551","1,270","981","523","404","242","206","333"
"대구광역시  (2700000000)","1,162,865","1,162,865","5,081","5,697","5,961","7,126","7,560","8,537","9,848","10,435","10,335","10,162","11,436","11,080","11,117","10,376","11,043","11,664","10,713","10,826","11,693","12,768","12,388","14,297","16,373","15,847","15,790","16,158","16,128","16,548","16,323","16,196","16,620","16,060","14,849","14,726","13,862","13,597","14,165","14,149","14,052","15,897","17,520","18,164","18,137","17,946","16,028","17,184","17,335","17,802","19,417","19,942","20,883","21,492","21,082","21,014","22,001","20,102","19,562","19,342","19,279","18,267","20,412","20,758","19,570","19,145","16,448","16,848","15,279","14,744","12,852","11,379","12,264","9,401","9,261","9,458","9,161","8,329","6,025","5,161","5,874","5,898","6,597","5,006","4,040","3,987","3,174","2,667","2,302","1,855","1,482","1,042","846","544","326","244","182","123","64","52","36","22","25","1,200,826","1,200,826","4,913","5,317","5,706","6,546","7,315","8,124","9,424","9,893","9,909","9,841","10,859","10,516","10,360","9,701","10,229","11,168","9,895","9,825","10,600","11,663","10,999","12,978","14,693","13,994","13,558","14,586","14,509","14,703","14,209","14,086","14,383","13,916","12,304","12,700","11,645","12,212","12,177","13,046","13,292","15,805","17,908","18,437","18,375","18,870","15,548","17,822","17,362","18,899","19,773","21,333","21,441","22,308","21,844","22,485","22,661","22,099","18,963","21,167","20,176","18,974","21,342","22,290","21,462","21,318","17,222","18,156","16,679","17,729","13,986","13,721","14,963","11,328","11,067","11,561","11,655","10,982","7,624","7,050","8,445","8,652","9,533","8,005","6,872","6,873","5,763","5,209","4,531","4,149","3,380","2,631","2,237","1,676","1,306","986","793","566","335","241","131","120","213"
"인천광역시  (2800000000)","1,485,175","1,485,175","7,403","8,056","8,558","9,621","10,256","11,034","12,296","13,460","13,215","13,156","14,538","14,533","14,175","13,472","13,737","14,843","13,383","12,883","13,850","14,601","14,610","16,516","18,536","18,291","19,003","20,078","20,998","22,004","22,828","23,304","23,472","22,930","20,964","20,119","19,951","18,992","19,696","20,468","20,677","23,265","25,502","26,529","25,927","25,619","22,146","23,423","22,830","23,793","25,478","25,830","26,463","27,261","26,645","26,239","26,069","24,040","23,882","25,043","24,991","23,853","26,138","26,361","26,177","23,654","21,750","20,550","17,892","17,928","14,904","12,462","13,738","8,828","9,991","9,905","9,593","9,309","7,517","6,224","6,114","5,907","6,485","4,963","4,028","3,854","3,241","2,658","2,243","1,920","1,460","1,083","796","590","415","345","252","207","107","55","53","67","76","1,482,139","1,482,139","7,214","7,660","8,113","8,939","9,729","10,321","11,946","12,752","12,562","12,651","13,808","13,678","13,389","12,716","13,281","14,213","12,440","12,221","13,174","13,805","13,400","15,211","17,271","17,014","17,588","19,194","19,327","20,202","20,451","20,700","21,533","20,839","18,762","18,590","18,210","18,128","18,185","18,975","19,408","22,098","24,043","24,709","24,447","24,088","20,895","22,607","21,285","22,786","23,971","25,940","25,352","26,627","26,102","26,779","27,318","25,438","23,420","25,475","25,205","23,449","26,011","26,186","26,447","23,806","21,965","21,081","18,511","19,228","15,920","13,492","14,640","9,579","10,701","11,159","10,746","11,373","9,146","7,701","7,939","7,989","9,580","7,805","6,553","6,662","6,035","5,236","4,896","4,308","3,625","3,021","2,599","2,054","1,674","1,372","1,022","787","489","382","257","181","347"
"광주광역시  (2900000000)","707,299","707,299","3,784","4,153","4,008","4,592","5,154","5,696","6,411","6,963","6,956","7,065","7,987","7,576","7,752","7,367","7,610","8,382","7,530","7,330","8,001","8,601","8,346","9,769","10,943","10,412","10,511","10,928","10,734","10,842","10,762","10,334","10,476","9,711","8,784","8,424","8,271","8,260","8,388","8,855","9,305","10,697","11,733","11,691","11,567","11,659","10,390","11,131","11,288","11,120","12,585","12,565","12,739","13,155","12,788","12,153","12,666","11,418","11,370","10,841","10,450","10,386","10,258","10,266","10,959","9,715","8,642","8,495","7,276","7,540","6,238","5,211","5,865","4,720","4,915","4,980","4,582","4,669","3,841","3,231","3,105","2,765","3,775","2,725","2,145","2,045","1,735","1,467","1,080","962","808","513","413","277","211","208","101","82","42","29","16","11","16","723,751","723,751","3,549","3,946","3,972","4,528","4,813","5,278","6,306","6,507","6,610","6,686","7,311","7,133","7,261","6,958","7,218","7,730","7,010","6,827","7,426","7,847","7,889","8,985","10,190","9,531","9,646","9,968","9,731","10,179","9,525","9,394","9,483","8,987","7,904","7,941","7,841","7,935","8,185","8,648","9,005","10,317","11,566","11,630","11,717","12,126","10,374","11,565","11,255","11,221","12,610","12,947","12,827","13,350","12,963","12,336","13,016","11,841","11,046","11,481","10,490","10,563","10,564","10,922","11,919","10,773","9,573","9,329","7,843","8,516","7,079","6,214","6,963","5,632","5,885","6,230","5,671","6,116","4,653","4,218","4,178","3,850","5,191","4,193","3,499","3,311","2,982","2,688","2,204","2,106","1,838","1,415","1,167","894","868","613","463","316","237","163","81","113","157"
"대전광역시  (3000000000)","721,245","721,245","3,942","4,125","4,111","4,386","4,806","5,405","6,099","6,580","6,532","6,551","7,180","7,158","7,054","6,781","7,227","7,662","7,083","6,883","7,679","7,828","7,870","8,944","10,545","10,476","10,879","11,307","11,654","11,974","11,729","11,448","11,385","10,811","10,207","9,646","9,598","9,132","9,329","9,360","9,182","10,248","11,256","11,554","11,277","11,172","10,237","10,765","10,816","11,026","12,101","12,600","12,692","13,465","12,950","13,066","12,979","11,534","11,087","10,963","10,961","9,877","11,612","11,933","11,590","10,513","9,459","9,631","8,727","8,560","7,425","6,133","6,529","4,784","5,224","4,988","4,820","4,463","3,566","3,136","3,157","2,945","3,575","2,710","1,985","2,149","1,792","1,476","1,197","999","808","610","498","306","243","161","135","88","43","37","27","11","26","724,827","724,827","3,709","3,799","3,811","4,366","4,558","5,150","5,762","6,182","6,072","6,287","6,744","6,694","6,635","6,367","6,711","7,254","6,557","6,329","7,068","7,394","7,611","8,896","10,050","9,678","9,934","10,364","10,208","10,263","10,173","9,884","10,000","9,741","8,601","8,466","8,181","8,411","8,292","8,706","8,826","9,869","11,058","11,363","11,368","11,264","10,187","11,077","11,041","11,185","12,169","13,138","12,468","13,172","12,621","13,244","13,405","11,959","10,424","11,328","11,049","10,016","11,699","12,528","12,480","11,370","9,912","10,061","9,205","9,492","8,275","6,650","7,188","5,381","5,817","5,711","5,653","5,331","4,225","3,912","4,162","4,137","4,987","4,003","3,189","3,504","3,038","2,654","2,500","2,158","1,843","1,464","1,228","962","771","613","497","361","208","162","104","98","155"
"울산광역시  (3100000000)","570,368","570,368","2,686","3,156","3,203","3,715","4,036","4,636","5,343","5,709","5,673","5,547","6,151","5,924","5,927","5,627","5,785","6,107","5,401","5,360","5,667","5,792","5,656","6,717","7,158","6,927","7,097","7,501","7,968","8,019","7,994","8,036","8,040","7,747","7,268","7,339","7,115","6,940","7,142","7,348","7,571","8,423","9,528","9,936","9,983","9,674","8,715","8,956","8,670","8,644","9,406","9,588","9,844","10,501","10,281","10,560","10,885","10,205","10,620","10,772","10,177","9,509","10,611","10,664","10,092","9,293","8,437","7,904","7,170","6,960","5,957","5,218","5,200","4,027","3,945","3,708","3,704","3,267","2,403","1,964","1,979","1,981","2,176","1,485","1,279","1,133","892","688","546","455","409","284","205","129","97","85","42","26","16","10","8","11","3","540,295","540,295","2,589","2,915","3,230","3,564","3,871","4,256","4,919","5,334","5,337","5,342","5,809","5,465","5,442","5,112","5,357","5,729","4,966","4,734","5,027","4,820","4,483","5,011","5,760","5,461","5,486","5,816","5,732","6,159","6,148","6,080","6,335","6,588","5,878","6,131","5,857","6,072","6,261","6,524","6,997","8,059","9,020","9,194","9,348","9,125","7,630","8,550","7,959","8,570","9,256","9,878","9,839","10,554","10,513","10,761","11,073","10,729","9,467","10,151","9,492","8,755","9,675","10,335","10,048","9,061","8,210","7,982","7,191","7,387","5,795","5,363","5,344","4,124","4,002","3,860","3,770","3,559","2,583","2,226","2,647","2,623","3,033","2,235","2,081","1,938","1,754","1,530","1,377","1,262","1,054","855","710","565","386","351","264","201","117","94","74","51","58"
"세종특별자치시  (3600000000)","191,389","191,389","1,557","1,806","1,844","2,091","2,294","2,477","2,762","2,927","2,853","2,768","3,048","2,878","2,829","2,638","2,588","2,485","2,287","2,005","2,010","1,879","1,848","1,838","2,000","1,805","1,849","1,784","1,889","2,086","2,284","2,322","2,635","2,639","2,620","2,715","3,006","2,958","3,159","3,219","3,354","3,644","4,173","4,229","4,168","4,180","3,499","3,731","3,509","3,462","3,689","3,590","3,482","3,514","3,179","2,947","2,865","2,447","2,265","2,208","2,255","1,964","2,225","2,237","2,175","1,954","1,808","1,754","1,602","1,639","1,358","1,045","1,167","830","931","899","813","736","576","482","494","466","562","447","347","349","283","217","231","183","153","111","71","57","50","32","23","16","13","5","3","2","7","192,202","192,202","1,543","1,805","1,811","2,023","2,190","2,412","2,621","2,842","2,657","2,668","2,907","2,713","2,689","2,565","2,702","2,559","2,229","2,017","2,055","1,919","1,612","1,642","1,740","1,692","1,711","1,725","1,883","2,039","2,259","2,371","2,702","2,938","2,780","2,850","2,968","3,092","3,200","3,276","3,422","3,906","4,502","4,381","4,240","4,325","3,486","3,721","3,469","3,394","3,407","3,349","2,906","3,066","2,820","2,685","2,604","2,339","2,052","2,149","2,082","1,838","2,130","2,254","2,197","2,008","1,798","1,791","1,633","1,677","1,409","1,094","1,272","848","962","981","838","854","655","597","665","639","777","667","536","604","522","484","457","465","368","316","288","203","174","153","114","73","52","29","16","24","28"
"경기도  (4100000000)","6,839,276","6,839,276","38,175","40,283","42,178","46,842","50,578","55,233","62,014","66,652","65,582","65,093","72,347","69,889","69,453","65,689","68,454","71,138","64,856","61,812","66,898","69,907","69,671","77,875","89,681","86,235","89,986","94,923","97,048","102,298","104,301","104,123","106,863","103,405","95,020","92,320","93,313","90,549","93,011","96,525","97,212","110,009","120,454","123,073","121,963","118,686","105,197","110,256","109,276","111,031","120,201","122,577","124,715","129,784","125,172","123,042","120,208","108,783","108,815","109,708","108,536","101,231","110,669","109,705","109,359","98,361","90,980","85,696","75,362","75,276","63,789","53,271","58,443","37,318","41,093","40,883","40,637","40,191","32,439","27,820","26,927","25,661","29,866","23,325","19,207","18,143","15,335","13,005","10,824","9,038","7,150","5,117","4,102","2,811","2,141","1,697","1,116","752","468","303","260","231","356","6,750,156","6,750,156","35,939","38,724","40,711","44,585","48,312","51,936","59,346","63,560","62,950","62,261","69,120","66,734","65,991","62,485","65,310","68,268","61,702","58,702","63,654","65,317","64,110","71,762","81,481","79,530","82,718","86,401","86,209","89,160","89,740","90,039","94,008","93,192","84,757","85,771","85,793","86,052","86,655","91,486","92,043","104,316","114,597","117,774","116,388","115,919","98,361","108,983","104,399","108,494","115,637","121,337","119,585","125,591","121,340","122,588","121,178","112,457","100,679","108,315","105,075","96,620","105,751","108,978","108,709","98,168","89,649","86,097","77,603","79,921","66,394","57,224","62,965","41,538","46,619","46,536","46,473","48,031","39,204","34,743","35,710","35,432","41,140","34,247","29,558","29,430","26,130","23,498","21,061","19,204","15,768","12,675","10,796","8,090","6,906","5,608","4,387","3,187","2,006","1,476","946","782","1,369"
"강원도  (4200000000)","772,947","772,947","3,688","3,887","4,186","4,529","4,482","5,003","5,586","5,860","5,915","6,021","6,742","6,758","6,750","6,450","6,587","7,347","6,638","6,707","7,218","7,346","7,900","8,866","10,183","9,893","10,208","9,858","9,702","9,827","9,637","9,530","9,431","8,958","8,558","7,988","8,003","7,758","7,986","8,463","8,294","9,531","10,572","10,706","10,778","10,543","10,020","10,349","10,567","10,969","12,357","13,149","13,286","13,766","13,736","14,164","14,521","13,126","13,561","12,808","13,231","13,172","14,937","15,587","15,448","14,791","14,135","14,393","12,492","12,372","11,004","8,901","10,593","5,627","6,075","6,259","6,530","6,771","5,707","5,434","5,145","5,029","5,426","4,573","3,989","3,676","3,183","2,534","2,170","1,660","1,198","973","681","514","420","309","218","147","91","95","73","68","64","763,551","763,551","3,552","3,723","4,036","4,260","4,417","4,608","5,257","5,743","5,580","5,703","6,539","6,290","6,291","6,067","6,215","6,640","6,076","6,160","6,622","6,690","6,888","7,527","8,124","7,544","7,216","7,464","7,379","7,497","7,501","7,450","7,874","7,653","6,814","7,116","7,172","7,180","7,102","7,624","7,762","9,098","10,275","10,318","10,514","10,408","9,529","10,139","10,025","10,668","11,654","12,332","11,890","12,727","12,649","13,240","13,459","12,629","12,220","12,734","12,648","12,458","14,334","15,754","15,958","15,053","14,002","13,789","12,275","12,523","10,943","9,259","11,229","6,493","7,080","7,062","7,648","7,869","6,704","6,816","7,098","6,943","8,061","7,007","6,502","6,281","5,623","4,752","4,256","3,819","3,263","2,554","2,143","1,661","1,494","1,218","963","709","456","325","222","167","273"
"충청북도  (4300000000)","810,782","810,782","3,763","4,232","4,460","4,876","5,488","5,821","6,637","6,896","6,765","7,006","7,718","7,626","7,655","7,233","7,541","8,027","7,083","7,075","7,729","7,897","8,089","9,105","10,273","9,994","10,187","10,632","11,236","11,580","11,718","12,007","11,708","10,825","9,987","9,443","9,555","9,407","9,651","9,684","10,289","11,015","12,386","12,184","12,276","12,184","10,958","11,562","11,721","11,812","13,295","13,792","13,426","14,222","13,978","14,940","14,613","13,773","13,830","14,002","13,253","12,229","15,123","16,021","14,560","13,745","13,132","13,191","11,690","11,295","9,754","8,390","9,329","6,063","6,078","6,355","6,229","6,002","4,652","4,319","4,231","4,099","5,034","3,844","3,165","3,261","2,585","2,348","1,915","1,650","1,219","880","694","423","312","271","200","128","71","59","46","19","51","784,276","784,276","3,574","4,080","4,229","4,479","5,209","5,593","6,207","6,706","6,678","6,711","7,411","7,233","7,224","6,748","6,947","7,463","6,725","6,494","6,981","7,072","7,119","7,906","8,521","8,049","8,249","8,738","8,561","8,876","8,804","8,666","8,693","8,464","7,921","7,914","8,049","8,328","8,356","8,821","9,086","10,236","11,536","11,286","11,370","11,349","9,827","10,986","10,781","11,363","12,371","13,151","12,076","13,194","12,861","14,401","14,493","13,420","12,364","13,346","12,522","11,370","13,924","15,340","14,493","13,692","12,552","12,874","11,475","11,567","10,009","8,639","9,821","6,526","6,712","6,677","6,795","6,975","5,519","5,422","5,927","6,103","7,664","6,153","5,193","5,664","4,899","4,514","4,212","3,845","3,142","2,568","2,081","1,515","1,273","987","731","533","324","248","160","112","228"
"충청남도  (4400000000)","1,086,632","1,086,632","5,135","5,797","6,286","6,868","7,316","8,168","9,085","9,907","9,680","9,850","10,907","10,825","10,810","10,173","10,529","11,136","10,180","9,577","10,277","10,330","10,604","11,841","13,082","12,554","12,732","12,701","13,238","13,768","14,114","13,759","14,205","13,516","13,083","12,698","13,141","13,088","13,484","13,800","13,967","16,139","17,912","18,148","17,930","17,230","16,068","16,653","16,337","16,358","18,376","18,876","18,327","20,130","18,824","19,329","19,214","17,634","16,724","17,633","17,807","15,879","18,800","19,918","19,494","17,349","15,673","15,749","14,165","14,762","12,613","10,258","11,201","8,937","9,522","9,460","9,149","8,784","6,756","5,641","5,991","5,665","7,263","5,394","4,326","4,701","4,048","3,529","3,131","2,723","2,171","1,602","1,301","809","608","461","312","233","134","98","60","49","53","1,036,405","1,036,405","4,971","5,394","5,902","6,518","7,124","7,731","8,677","9,337","9,313","9,439","10,435","10,038","9,932","9,504","9,934","10,241","9,341","9,029","9,638","9,463","9,192","10,394","11,214","10,037","9,727","10,285","10,228","10,394","10,277","10,998","11,497","11,025","10,360","10,702","10,951","11,485","11,704","12,040","12,340","14,210","15,799","15,813","15,736","15,540","13,332","14,607","14,535","14,976","16,074","16,701","15,509","17,111","16,146","17,184","17,275","16,212","14,172","16,060","16,140","14,352","16,745","18,729","19,007","17,018","15,375","15,110","14,061","15,123","13,211","10,574","12,037","9,466","10,520","10,195","9,970","9,953","7,409","6,904","8,233","8,154","11,064","8,709","7,231","8,314","7,570","6,840","6,357","5,941","4,883","3,951","3,601","2,451","1,937","1,588","1,244","850","523","384","265","229","384"
"전라북도  (4500000000)","880,592","880,592","3,372","3,894","4,201","4,710","5,210","5,909","6,634","7,386","7,514","7,655","8,604","8,486","8,581","8,142","8,642","9,146","8,414","8,537","8,950","9,047","9,714","10,655","11,869","11,090","11,285","10,880","10,744","10,814","10,559","10,035","9,898","9,436","8,775","8,471","8,458","8,211","8,705","9,085","9,569","10,910","12,036","12,258","12,539","12,499","11,696","12,680","12,694","13,032","15,183","15,272","15,597","16,752","15,975","15,835","16,546","15,021","15,308","15,240","14,643","14,040","15,706","16,097","17,134","15,269","13,298","14,085","12,461","13,192","11,446","9,183","9,969","8,527","9,674","8,519","8,053","9,065","6,963","5,459","5,379","5,076","7,176","5,268","4,062","4,226","3,640","3,018","2,595","2,342","1,833","1,371","1,008","721","496","442","279","207","102","66","39","39","64","889,015","889,015","3,540","3,690","4,101","4,480","5,010","5,582","6,266","7,004","7,043","7,199","8,018","8,172","8,132","7,713","7,967","8,619","7,844","7,674","8,411","8,442","8,336","9,460","10,110","9,157","9,050","9,013","9,012","8,926","8,969","8,606","8,833","8,492","7,696","7,688","7,706","7,894","8,230","8,908","9,184","10,356","11,606","11,746","12,048","11,916","10,940","12,372","11,840","12,355","14,261","14,602","14,085","15,083","14,599","14,592","15,356","14,383","13,647","14,349","13,627","13,245","14,794","15,989","17,527","15,398","13,548","13,788","12,551","13,793","12,170","9,710","10,853","9,338","10,790","10,146","9,499","10,566","8,350","7,140","7,527","7,735","11,741","8,649","7,215","7,709","6,941","6,325","5,806","5,399","4,518","3,760","3,011","2,430","1,860","1,495","1,193","918","509","314","216","211","398"
"전라남도  (4600000000)","915,272","915,272","3,943","4,294","4,763","5,251","5,484","6,084","6,712","7,359","7,251","7,602","8,429","8,385","8,524","7,859","8,218","8,738","7,955","7,749","8,649","8,758","9,221","10,353","11,344","10,707","10,507","10,420","10,640","10,849","10,126","9,968","9,539","9,290","8,351","8,125","8,131","8,156","8,711","9,338","9,772","11,115","12,737","12,624","12,775","12,845","11,863","12,676","12,878","13,046","14,779","15,418","15,805","17,146","16,684","16,499","17,827","16,612","17,435","17,012","16,146","16,643","17,037","17,294","18,854","17,074","15,741","15,270","13,217","13,878","11,939","9,569","11,281","9,961","9,866","9,864","9,300","9,687","7,426","6,367","6,222","5,829","7,982","6,234","5,185","4,875","4,043","3,366","2,722","2,272","1,826","1,270","1,093","751","543","493","286","183","113","72","62","50","55","902,425","902,425","3,770","4,198","4,536","5,091","5,286","5,605","6,427","6,919","7,041","7,273","8,282","8,187","7,810","7,482","7,700","8,239","7,576","7,356","7,874","7,796","7,563","8,309","9,038","8,163","8,083","8,296","8,124","8,256","8,062","7,941","8,327","7,861","7,326","7,375","7,332","7,751","8,007","8,596","8,936","10,223","11,177","11,087","11,510","11,879","10,179","11,634","10,825","11,555","12,579","13,466","13,447","14,232","14,391","14,195","15,131","14,447","13,958","14,790","14,394","14,554","14,987","16,527","17,964","16,453","14,718","14,617","12,708","13,837","12,049","10,105","12,082","10,428","10,896","10,801","10,515","11,734","9,179","9,000","9,023","9,299","13,278","10,842","9,920","9,672","8,805","7,969","6,889","6,217","5,333","4,106","3,605","2,816","2,518","1,819","1,223","933","600","430","294","300","487"
"경상북도  (4700000000)","1,311,881","1,311,881","5,666","6,080","6,648","7,284","8,164","8,733","9,936","10,744","10,672","10,991","12,089","11,680","11,257","11,024","11,457","11,986","11,265","11,072","11,778","12,025","12,526","14,267","15,985","14,968","14,867","14,935","15,090","15,580","15,411","15,072","15,182","14,605","13,784","13,647","13,619","13,621","14,047","14,585","14,581","16,801","18,718","19,363","19,430","19,038","17,294","18,159","18,225","19,203","21,138","21,673","22,511","23,522","23,271","24,016","24,879","22,692","23,573","23,148","23,252","22,472","25,557","26,737","25,804","25,340","22,045","23,023","21,002","20,182","18,080","16,329","17,027","13,296","12,934","13,563","13,215","12,024","8,330","7,125","7,980","8,401","9,808","7,297","6,285","6,298","4,959","4,291","3,697","3,212","2,440","1,751","1,439","942","669","491","366","264","127","76","65","51","58","1,288,611","1,288,611","5,431","5,905","6,190","6,964","7,517","8,295","9,487","10,222","10,021","10,169","11,151","10,873","10,539","10,035","10,487","11,097","10,034","9,972","10,326","10,432","10,214","11,426","12,443","11,159","10,805","11,235","11,066","11,448","11,472","11,351","12,170","11,837","11,174","11,157","11,285","12,114","12,406","12,802","13,469","15,482","17,508","17,923","17,597","17,588","15,114","17,210","16,649","18,160","19,378","20,609","20,149","21,071","21,482","22,057","23,420","22,251","20,302","22,503","21,597","21,101","23,777","25,642","25,605","25,720","21,358","21,838","20,838","21,433","18,188","17,571","18,822","14,609","14,144","14,684","14,657","13,876","9,727","9,394","11,900","13,158","15,638","12,201","11,386","12,015","10,248","9,250","8,561","7,855","6,660","5,093","4,481","3,233","2,662","2,007","1,608","1,149","733","533","281","276","469"
"경상남도  (4800000000)","1,651,675","1,651,675","6,889","8,039","8,700","9,840","11,083","12,490","14,235","15,523","15,826","15,576","17,451","16,995","16,988","15,945","16,713","17,676","15,758","15,197","16,666","16,496","16,938","19,052","20,449","19,077","18,977","18,876","19,617","19,522","19,401","19,337","19,388","18,945","17,848","17,700","17,517","17,408","18,484","19,657","20,256","23,437","26,036","27,204","27,776","27,093","24,545","25,089","24,939","25,932","28,363","29,739","29,853","31,418","31,018","31,589","30,949","29,134","29,083","28,631","26,921","26,468","30,599","31,299","31,381","28,150","26,310","25,810","23,074","23,147","20,261","16,419","18,303","14,166","13,562","13,678","13,376","12,088","9,556","7,687","8,437","7,857","8,456","7,134","5,979","5,396","4,509","3,835","3,300","2,663","2,150","1,539","1,155","805","553","458","302","191","120","74","55","38","51","1,628,818","1,628,818","6,815","7,495","8,185","9,492","10,421","11,586","13,455","14,795","14,716","14,781","16,460","16,205","15,789","14,883","15,697","16,549","14,448","13,973","14,891","14,144","13,595","14,670","15,931","14,849","14,408","14,798","15,085","15,156","15,617","15,734","16,325","16,425","14,874","15,598","15,607","16,549","16,701","18,124","19,276","22,106","24,861","25,709","26,053","25,631","22,406","24,297","23,257","25,206","26,606","29,001","27,317","29,554","29,440","30,335","30,302","29,370","25,832","28,161","26,071","24,583","29,375","31,515","31,757","27,882","25,472","25,685","23,538","24,752","20,100","17,673","19,535","15,485","14,986","15,467","15,212","14,712","11,519","9,938","12,037","12,094","14,134","12,337","11,306","10,919","9,586","8,739","8,082","7,092","6,276","4,825","4,300","3,223","2,598","1,955","1,468","1,053","662","494","271","231","333"
"제주특별자치도  (5000000000)","339,590","339,590","1,821","1,967","2,172","2,414","2,666","2,939","3,342","3,655","3,576","3,588","3,994","3,905","3,812","3,581","3,605","3,799","3,536","3,434","3,579","3,534","3,690","4,025","4,306","3,990","4,046","4,046","4,169","4,284","4,389","4,307","4,437","4,054","3,809","3,533","3,544","3,618","3,853","4,110","4,292","4,882","5,661","5,715","5,720","5,710","4,898","5,421","5,452","5,549","6,299","6,205","6,436","6,873","6,457","6,394","6,254","5,816","5,956","5,586","5,451","5,624","5,365","5,387","5,424","4,972","4,619","4,448","4,014","4,097","3,375","2,540","2,881","2,358","2,298","2,246","2,500","2,312","2,019","1,740","1,677","1,530","1,594","1,431","1,178","1,124","955","832","650","578","495","379","259","177","127","103","46","22","21","11","6","11","9","338,569","338,569","1,702","1,859","1,960","2,380","2,526","2,790","3,125","3,377","3,472","3,475","3,845","3,632","3,545","3,347","3,413","3,619","3,236","3,030","3,169","3,258","2,974","3,348","3,881","3,522","3,424","3,737","3,737","3,935","3,883","4,027","3,970","3,955","3,489","3,518","3,559","3,700","3,711","4,145","4,383","4,977","5,702","5,643","5,575","5,870","4,626","5,277","4,870","5,194","5,647","5,964","6,108","6,424","5,982","5,866","5,881","5,421","5,205","5,132","5,101","5,295","5,141","5,370","5,319","5,043","4,553","4,427","4,176","4,324","3,477","2,934","3,076","2,569","2,690","2,627","2,753","2,766","2,449","2,096","2,194","2,140","2,296","2,182","1,930","1,958","1,806","1,635","1,460","1,338","1,277","1,190","925","653","583","508","317","248","137","120","67","175","222"
